,083,008,043-1,009,003,007,005,014,006,001,002,500,024,025,039,301,038,032,034,302,026,056,010-1,058,044-1,035,049,055,220,011,016,016-1,084,015,057,057-1,064,010,201,200,222,071-1,074,051,054,033,013,004,101,085,082,152-1,012,#001,,015-1,059,017,019,203,500-B,025-1,105-2,022,500-C,500-A,086,021,143,029,#017-,142,#017,031,030,036,037,018,075-1,081,085-1,050,052-2,207,073,053,153,#012,#022,#020,#021,140-1,140,140-2,221,*100,500-D,#013,*102,942
083,2.0,8.58,14.05,9.15,7.84,9.15,7.29,8.46,7.97,7.48,7.81,11.11,9.95,11.9,16.22,24.89,16.83,15.21,15.07,26.92,10.89,12.77,9.68,8.15,16.19,14.71,5.27,3.92,6.43,10.2,5.85,4.91,6.76,6.76,8.34,8.04,12.96,9.32,15.74,13.63,5.78,11.8,4.58,3.82,4.95,15.0,9.83,7.84,6.83,15.96,7.02,9.7,9.92,45.9,7.48,6.76,8.67,4.29,14.32,12.32,11.11,11.11,21.95,11.93,11.11,11.11,16.74,10.54,15.97,19.22,45.9,16.74,45.9,16.72,13.45,16.15,16.45,14.32,14.32,15.96,15.96,4.64,4.16,9.0,7.88,4.53,9.56,45.9,45.9,45.9,45.9,7.75,9.69,9.69,9.69,46.87,11.11,45.9,46.87,28.21
008,11.86,2.0,8.89,4.45,3.87,4.45,4.36,5.32,4.6,5.18,3.43,8.9,7.72,9.31,11.2,19.72,11.81,10.19,9.9,21.76,6.69,7.6,5.37,18.02,11.02,9.42,13.44,8.99,13.48,3.62,11.45,10.64,12.47,12.47,16.6,16.3,14.98,6.52,11.91,9.81,14.03,21.66,8.43,12.87,7.87,9.98,3.26,3.87,11.27,22.01,8.61,19.56,3.34,41.52,5.18,12.47,16.92,11.35,9.03,9.74,8.9,8.9,16.79,6.91,8.9,8.9,26.6,5.17,10.69,16.14,41.52,11.45,41.52,12.89,8.43,11.13,12.62,9.03,9.03,22.01,22.01,10.67,12.65,17.26,8.31,11.46,19.42,41.52,41.52,41.52,41.52,14.28,16.75,16.75,16.75,42.49,8.9,41.52,42.49,23.83
043-1,20.08,12.33,2.0,12.44,13.02,12.44,13.52,13.66,14.38,12.19,12.59,13.61,10.48,10.79,5.08,12.83,5.79,5.88,3.01,14.87,8.67,3.93,13.92,26.23,4.14,4.05,22.09,17.2,22.13,11.61,19.67,18.85,20.68,20.68,25.25,24.95,21.01,14.47,10.39,7.24,22.68,29.88,17.34,21.08,16.78,4.28,10.56,13.02,19.48,31.8,18.39,27.78,11.19,49.59,12.19,20.68,25.57,19.57,4.5,9.2,13.61,13.61,9.9,5.37,13.61,13.61,34.82,8.06,6.98,11.18,49.59,8.13,49.59,11.57,3.1,5.3,6.84,4.5,4.5,31.8,31.8,18.89,20.86,25.91,14.61,19.67,27.64,49.59,49.59,49.59,49.59,22.93,25.4,25.4,25.4,50.55,13.61,49.59,50.55,31.89
009,12.72,3.64,8.96,2.0,6.32,2.0,4.92,3.22,3.94,7.63,5.88,10.45,9.18,10.6,11.63,19.79,12.24,11.15,9.97,21.83,7.97,7.67,3.74,18.87,11.1,9.49,13.86,9.85,13.91,3.37,13.91,13.09,14.93,14.93,17.03,16.72,17.44,4.06,12.86,10.76,14.46,22.52,8.85,13.36,8.29,10.41,3.25,6.32,13.72,21.36,7.95,20.42,3.09,40.27,7.63,14.93,17.35,12.21,9.1,11.03,10.45,10.45,16.86,7.87,10.45,10.45,27.46,5.24,10.76,14.5,40.27,11.52,40.27,13.84,8.86,11.56,13.29,9.1,9.1,21.36,21.36,11.53,13.14,17.69,10.76,11.9,20.28,40.27,40.27,40.27,40.27,14.7,17.18,17.18,17.18,41.24,10.45,40.27,41.24,22.58
003,10.76,3.24,9.35,4.88,2.0,4.88,3.99,6.74,6.02,3.5,2.48,8.81,7.66,9.6,11.66,20.18,12.28,10.65,10.36,22.22,7.15,8.06,6.39,16.91,11.49,9.88,11.9,7.89,11.95,4.87,10.52,9.71,11.54,11.54,15.07,14.76,14.05,6.03,12.37,10.27,12.5,20.56,6.89,11.4,6.34,10.44,4.5,2.0,10.34,22.41,9.01,18.46,4.59,42.94,3.5,11.54,15.39,10.25,9.49,10.03,8.81,8.81,17.25,7.37,8.81,8.81,25.5,5.63,11.15,17.01,42.94,11.91,42.94,13.35,8.89,11.59,13.08,9.49,9.49,22.41,22.41,9.57,11.18,15.73,7.38,9.94,18.32,42.94,42.94,42.94,42.94,12.74,15.22,15.22,15.22,43.91,8.81,42.94,43.91,25.25
007,12.72,3.64,8.96,2.0,6.32,2.0,4.92,3.22,3.94,5.75,4.59,10.45,9.18,10.6,11.63,19.79,12.24,11.15,9.97,21.83,7.97,7.67,3.74,18.87,11.1,9.49,13.86,9.85,13.91,3.37,13.91,13.09,14.93,14.93,17.03,16.72,17.44,3.37,12.86,10.76,14.46,22.52,8.85,13.36,8.29,10.41,3.25,6.32,13.72,21.36,7.95,20.42,3.09,40.27,5.75,14.93,17.35,12.21,9.1,11.03,10.45,10.45,16.86,7.87,10.45,10.45,27.46,5.24,10.76,14.5,40.27,11.52,40.27,13.84,8.86,11.56,13.29,9.1,9.1,21.36,21.36,11.53,13.14,17.69,10.76,11.9,20.28,40.27,40.27,40.27,40.27,14.7,17.18,17.18,17.18,41.24,10.45,40.27,41.24,22.58
005,9.93,3.58,9.68,3.94,4.99,3.94,2.0,3.88,3.15,4.36,3.75,9.68,8.51,10.11,11.99,20.52,12.61,10.99,10.7,22.55,7.48,8.39,4.48,16.08,11.82,10.22,11.07,7.06,11.12,5.2,11.75,10.35,12.84,12.84,14.24,13.93,15.35,4.12,12.7,10.6,11.67,19.73,6.06,10.57,5.5,10.78,4.83,4.99,11.64,20.57,7.16,17.63,4.92,40.07,4.36,12.84,14.56,9.42,9.82,10.53,9.68,9.68,17.58,7.71,9.68,9.68,24.67,5.96,11.48,15.24,40.07,12.24,40.07,13.68,9.22,11.93,13.41,9.82,9.82,20.57,20.57,8.74,10.35,14.9,8.68,9.11,17.49,40.07,40.07,40.07,40.07,11.91,14.39,14.39,14.39,41.04,9.68,40.07,41.04,22.38
014,11.68,4.22,9.77,2.81,5.16,2.81,3.25,2.0,2.48,5.53,5.0,10.85,9.69,11.36,12.44,20.61,13.05,11.96,10.79,22.64,8.73,8.48,3.23,17.83,11.91,10.31,12.82,8.81,12.87,4.19,13.5,12.11,14.59,14.59,15.99,15.68,17.1,2.86,13.67,11.57,13.42,21.48,7.81,12.32,7.26,11.22,4.06,6.74,13.39,20.14,6.73,19.38,3.9,39.5,5.53,14.59,16.31,11.17,9.91,11.79,10.85,10.85,16.85,8.68,10.85,10.85,26.42,6.05,11.57,13.99,39.5,12.33,39.5,14.65,9.67,12.37,14.11,9.91,9.91,20.14,20.14,10.49,12.1,16.65,10.43,10.87,19.24,39.5,39.5,39.5,39.5,13.66,16.14,16.14,16.14,40.47,10.85,39.5,40.47,21.81
006,10.96,3.73,10.25,3.3,4.68,3.3,2.77,2.73,2.0,5.05,4.51,10.36,9.21,10.88,12.76,21.09,13.38,11.76,11.27,23.12,8.25,8.97,3.71,17.11,12.39,10.79,12.1,8.08,12.14,4.67,12.78,11.38,13.87,13.87,15.26,14.96,16.38,3.35,13.47,11.37,12.69,20.75,7.09,11.6,6.53,11.54,4.55,6.02,12.66,19.41,6.01,18.66,4.39,38.92,5.05,13.87,15.59,10.45,10.4,11.3,10.36,10.36,17.33,8.47,10.36,10.36,25.7,6.53,12.05,14.47,38.92,12.82,38.92,14.45,9.99,12.69,14.18,10.4,10.4,19.41,19.41,9.77,11.38,15.92,9.7,10.14,18.52,38.92,38.92,38.92,38.92,12.94,15.41,15.41,15.41,39.89,10.36,38.92,39.89,21.23
001,10.23,4.12,8.79,5.75,4.25,7.63,5.54,7.3,6.57,2.0,4.03,7.5,6.34,8.29,11.11,19.63,11.72,10.1,9.81,21.66,6.44,7.51,6.76,16.38,10.93,9.33,12.23,7.35,12.28,5.74,9.82,9.0,10.84,10.84,15.4,15.09,13.35,6.39,11.81,9.71,12.83,20.02,7.44,11.23,6.89,9.89,5.0,4.25,9.63,22.96,9.56,17.93,5.46,43.49,2.0,10.84,15.72,9.72,8.94,8.71,7.5,7.5,16.69,6.82,7.5,7.5,24.96,5.07,10.59,16.45,43.49,11.36,43.49,12.8,8.34,11.04,12.53,8.94,8.94,22.96,22.96,9.04,11.01,16.06,5.4,9.82,17.78,43.49,43.49,43.49,43.49,13.07,15.55,15.55,15.55,44.46,7.5,43.49,44.46,25.8
002,10.72,2.95,9.06,4.59,2.72,5.88,4.62,6.5,5.77,3.35,2.0,8.65,7.47,9.41,11.37,19.89,11.98,10.36,10.07,21.93,6.86,7.77,6.23,16.87,11.19,9.59,12.52,7.84,12.57,4.58,10.31,9.49,11.33,11.33,15.69,15.38,13.84,5.86,12.08,9.98,13.12,20.51,7.51,11.72,6.96,10.15,4.21,2.72,10.12,23.03,9.63,18.42,4.3,42.69,3.35,11.33,16.01,10.21,9.2,9.84,8.65,8.65,16.96,7.08,8.65,8.65,25.45,5.34,10.86,16.72,42.69,11.62,42.69,13.06,8.6,11.3,12.79,9.2,9.2,23.03,23.03,9.53,11.5,16.35,7.16,10.31,18.27,42.69,42.69,42.69,42.69,13.36,15.84,15.84,15.84,43.66,8.65,42.69,43.66,25.0
500,15.66,12.35,9.74,14.67,12.22,14.67,13.52,15.27,14.54,10.24,11.98,2.0,6.51,6.95,11.91,20.58,12.52,10.9,10.76,22.61,6.21,8.46,17.11,21.58,11.88,10.4,17.67,12.78,17.71,14.64,12.93,12.88,14.71,14.71,20.83,20.53,13.43,16.56,10.79,8.69,18.26,25.23,13.67,16.67,14.23,10.69,9.2,12.22,12.74,29.39,17.33,23.13,14.22,51.46,10.24,14.71,21.15,13.81,10.01,7.38,2.0,2.0,17.64,7.62,2.0,2.0,28.28,9.05,11.66,17.53,51.46,12.43,51.46,11.77,9.14,11.84,11.5,10.01,10.01,29.39,29.39,14.47,16.44,21.49,7.86,15.25,22.99,51.46,51.46,51.46,51.46,18.51,20.98,20.98,20.98,52.43,2.0,51.46,52.43,33.77
024,13.93,10.58,7.65,12.77,10.49,12.77,11.77,13.54,12.81,8.51,10.2,5.01,2.0,3.94,9.69,18.49,9.81,8.44,8.67,20.52,3.2,6.64,15.38,20.08,9.79,8.64,15.94,11.05,15.98,12.74,13.4,12.7,14.54,14.54,19.1,18.8,13.9,14.83,7.78,5.68,16.53,23.73,11.94,14.94,12.5,8.47,7.93,10.49,13.21,27.89,15.6,21.63,12.32,49.73,8.51,14.54,19.42,13.42,8.25,4.37,5.01,5.01,15.55,5.4,5.01,5.01,28.67,7.29,9.9,15.76,49.73,10.67,49.73,8.76,6.92,9.62,8.49,8.25,8.25,27.89,27.89,12.74,14.71,19.76,8.33,13.52,21.49,49.73,49.73,49.73,49.73,16.78,19.25,19.25,19.25,50.7,5.01,49.73,50.7,32.04
025,16.85,12.97,7.86,14.9,13.41,14.9,14.16,16.04,15.31,11.43,13.12,9.42,4.91,2.0,8.94,18.19,8.49,7.9,8.87,20.22,5.94,7.67,17.51,23.0,9.88,9.91,18.85,13.97,18.9,14.87,16.31,15.62,17.45,17.45,22.01,21.71,16.26,16.96,6.47,4.37,19.45,26.64,14.86,17.85,15.41,8.68,13.03,13.41,16.13,30.81,18.51,24.54,14.45,52.23,11.43,17.45,22.34,16.34,9.52,3.06,9.42,9.42,15.26,6.83,9.42,9.42,31.11,12.06,11.18,17.04,52.23,11.94,52.23,7.45,7.13,9.07,7.18,9.52,9.52,30.81,30.81,15.65,17.63,22.68,11.25,16.44,24.4,52.23,52.23,52.23,52.23,19.69,22.17,22.17,22.17,53.2,9.42,52.23,53.2,34.54
039,23.33,15.8,6.62,16.44,16.49,16.44,16.99,17.66,18.14,15.66,16.05,16.86,13.54,12.41,2.0,11.64,2.71,10.88,5.1,13.67,11.73,7.93,18.31,29.48,3.41,6.07,25.33,20.45,25.38,15.99,22.91,22.1,23.93,23.93,28.5,28.19,23.5,18.5,8.06,8.86,25.93,33.12,20.81,24.33,20.25,4.12,14.56,16.49,22.73,35.56,22.15,31.03,15.57,53.98,15.66,23.93,28.82,22.82,7.96,10.82,16.86,16.86,8.7,8.43,16.86,16.86,38.06,12.45,10.67,18.45,53.98,11.59,53.98,6.95,6.15,2.34,4.64,7.96,7.96,35.56,35.56,22.13,24.11,29.16,17.86,22.92,30.88,53.98,53.98,53.98,53.98,26.17,28.65,28.65,28.65,54.95,16.86,53.98,54.95,36.28
301,36.33,28.58,18.25,28.69,29.28,28.69,29.77,29.91,30.63,28.44,28.84,29.87,26.73,26.29,16.46,2.0,17.52,24.07,16.73,4.03,24.93,20.18,29.95,42.48,15.05,17.7,38.34,33.45,38.38,27.81,35.92,35.1,36.94,36.94,41.5,41.2,37.26,30.49,21.94,22.74,38.93,46.13,33.59,37.34,33.03,18.57,26.81,29.28,35.73,46.09,32.69,44.03,27.39,62.35,28.44,36.94,41.82,35.82,19.59,24.7,29.87,29.87,12.13,21.63,29.87,29.87,51.07,24.08,22.3,18.53,62.35,18.68,62.35,21.41,19.35,16.8,19.1,19.59,19.59,46.09,46.09,35.14,37.12,42.16,30.86,35.92,43.89,62.35,62.35,62.35,62.35,39.18,41.65,41.65,41.65,63.32,29.87,62.35,63.32,44.66
038,24.25,16.72,7.68,17.36,17.41,17.36,17.91,18.58,19.06,16.58,16.98,17.78,13.71,11.74,3.06,12.35,2.0,11.8,6.16,14.38,12.65,8.85,19.37,30.4,4.47,7.13,26.25,21.37,26.3,16.91,23.83,23.02,24.85,24.85,29.42,29.11,22.83,19.42,7.39,8.19,26.85,34.04,21.73,25.25,21.17,5.04,15.49,17.41,23.65,36.48,23.07,31.95,16.49,55.04,16.58,24.85,29.74,23.74,9.02,10.15,17.78,17.78,9.41,9.35,17.78,17.78,37.68,13.51,11.73,19.51,55.04,12.65,55.04,6.28,7.07,3.26,3.97,9.02,9.02,36.48,36.48,23.06,25.03,30.08,18.78,23.84,31.8,55.04,55.04,55.04,55.04,27.09,29.57,29.57,29.57,56.0,17.78,55.04,56.0,37.34
032,21.82,14.29,7.82,15.72,14.98,15.72,15.48,16.94,16.63,14.15,14.54,15.35,11.66,10.84,7.92,16.72,8.53,2.0,6.9,18.75,9.85,7.54,18.32,27.97,8.02,10.9,23.82,18.94,23.87,15.59,21.4,20.59,22.42,22.42,26.99,26.68,21.94,17.78,10.45,7.29,24.42,31.61,19.3,22.82,18.74,6.7,13.84,14.98,21.22,34.05,20.64,29.52,15.17,53.55,14.15,22.42,27.31,21.31,10.32,9.26,15.35,15.35,13.78,6.92,15.35,15.35,36.55,12.78,12.8,15.06,53.55,13.95,53.55,11.92,6.73,7.85,8.34,10.32,10.32,34.05,34.05,20.62,22.6,27.65,16.35,21.41,29.37,53.55,53.55,53.55,53.55,24.66,27.14,27.14,27.14,54.52,15.35,53.55,54.52,35.86
034,21.6,13.85,3.52,13.96,14.55,13.96,15.04,15.18,15.9,13.71,14.11,15.14,12.0,12.31,4.06,11.82,4.77,9.34,2.0,13.85,10.19,5.45,15.45,27.75,3.12,3.81,23.61,18.72,23.65,13.13,21.19,20.37,22.21,22.21,26.77,26.47,22.53,15.99,11.15,8.76,24.2,31.4,18.86,22.61,18.3,6.94,12.08,14.55,21.0,33.32,19.91,29.3,12.71,51.11,13.71,22.21,27.09,21.09,5.7,10.73,15.14,15.14,8.89,6.9,15.14,15.14,36.34,9.58,8.41,16.97,51.11,9.33,51.11,10.05,4.62,4.29,5.82,5.7,5.7,33.32,33.32,20.41,22.38,27.43,16.13,21.19,29.16,51.11,51.11,51.11,51.11,24.45,26.92,26.92,26.92,52.08,15.14,51.11,52.08,33.42
302,39.38,31.63,21.3,31.74,32.33,31.74,32.82,32.96,33.69,31.49,31.89,32.92,29.78,29.34,19.51,5.05,20.57,27.12,19.78,2.0,27.98,23.23,33.0,45.53,18.1,20.75,41.39,36.51,41.44,30.86,38.97,38.16,39.99,39.99,44.55,44.25,40.31,33.54,24.99,25.79,41.98,49.18,36.64,40.39,36.09,21.63,29.87,32.33,38.78,49.14,35.74,47.08,30.44,65.4,31.49,39.99,44.88,38.87,22.64,27.75,32.92,32.92,15.18,24.68,32.92,32.92,54.12,27.13,25.36,21.58,65.4,21.73,65.4,24.46,22.4,19.85,22.15,22.64,22.64,49.14,49.14,38.19,40.17,45.21,33.91,38.97,46.94,65.4,65.4,65.4,65.4,42.23,44.7,44.7,44.7,66.37,32.92,65.4,66.37,47.71
026,15.34,9.03,6.45,10.96,9.72,10.96,10.22,12.1,11.37,8.67,9.29,8.32,3.81,4.63,8.49,17.28,9.1,7.24,7.46,19.32,2.0,5.44,13.57,21.49,8.59,7.43,17.34,12.46,17.39,10.93,14.92,14.11,15.94,15.94,20.51,20.2,15.71,13.02,8.31,6.21,17.94,25.13,13.35,16.34,13.26,7.27,9.09,9.72,14.74,28.79,15.38,23.04,10.51,48.29,8.67,15.94,20.83,14.83,7.04,5.05,8.32,8.32,14.35,4.2,8.32,8.32,30.07,6.08,8.7,14.56,48.29,9.46,48.29,9.3,5.72,8.42,9.03,7.04,7.04,28.79,28.79,14.14,16.12,21.17,9.87,14.93,22.89,48.29,48.29,48.29,48.29,18.18,20.66,20.66,20.66,49.26,8.32,48.29,49.26,30.6
056,18.15,10.4,3.29,10.51,11.09,10.51,11.59,11.73,12.45,10.26,10.66,11.68,8.97,10.5,5.95,14.12,6.57,5.69,4.3,16.16,7.16,2.0,13.11,24.3,5.42,4.42,20.16,15.27,20.2,10.05,17.74,16.92,18.75,18.75,23.32,23.01,19.08,12.57,7.4,5.3,20.75,27.95,15.41,19.15,14.85,4.74,8.63,11.09,17.55,29.86,16.46,25.85,9.63,48.77,10.26,18.75,23.64,17.64,4.03,8.92,11.68,11.68,11.19,4.54,11.68,11.68,32.89,7.25,7.53,11.55,48.77,6.45,48.77,8.39,3.19,5.89,7.62,4.03,4.03,29.86,29.86,16.96,18.93,23.98,12.68,17.74,25.71,48.77,48.77,48.77,48.77,21.0,23.47,23.47,23.47,49.74,11.68,48.77,49.74,31.08
010-1,13.52,7.06,9.95,4.61,8.58,4.61,5.72,3.84,4.57,9.14,8.34,12.07,10.92,12.34,12.88,20.63,13.58,12.88,10.96,22.67,9.71,9.41,2.0,19.67,11.93,10.16,14.66,10.65,14.71,5.11,15.34,13.95,16.43,16.43,17.83,17.52,18.94,2.54,14.6,12.5,15.26,23.32,9.65,14.17,9.1,12.15,4.99,8.58,15.23,21.41,8.0,21.22,4.83,37.66,9.14,16.43,18.15,13.01,9.77,12.77,12.07,12.07,15.62,9.6,12.07,12.07,28.26,5.91,11.43,12.76,37.66,12.19,37.66,15.58,10.59,13.1,14.64,9.77,9.77,21.41,21.41,12.33,13.94,18.49,12.27,12.71,21.08,37.66,37.66,37.66,37.66,15.51,17.98,17.98,17.98,38.63,12.07,37.66,38.63,19.97
058,6.1,12.68,18.15,13.25,11.94,13.25,11.39,12.56,12.07,11.58,11.91,15.05,14.05,16.0,20.32,28.99,20.93,19.31,19.17,31.02,14.99,16.87,13.78,2.0,20.29,18.81,9.17,8.02,8.41,14.3,9.95,9.02,10.86,10.86,9.59,6.85,7.63,13.42,19.29,17.19,7.23,5.83,8.68,7.31,9.05,19.1,13.93,11.94,10.11,10.0,11.12,3.74,14.02,52.05,11.58,10.86,7.27,8.39,18.42,15.88,15.05,15.05,26.05,16.03,15.05,15.05,10.77,14.64,20.07,23.32,52.05,20.84,52.05,20.28,17.55,20.25,20.01,18.42,18.42,10.0,10.0,8.74,7.54,7.25,11.98,8.63,3.59,52.05,52.05,52.05,52.05,9.73,9.03,9.03,9.03,53.02,15.05,52.05,53.02,34.36
044-1,23.28,15.54,5.21,15.64,16.23,15.64,16.73,16.86,17.59,15.4,15.79,16.82,13.69,13.82,2.94,10.7,3.65,11.03,3.68,12.73,11.88,7.14,16.9,29.44,2.0,4.66,25.29,20.41,25.34,14.77,22.87,22.06,23.89,23.89,28.45,28.15,24.21,17.45,9.47,10.27,25.89,33.08,20.55,24.29,19.99,5.53,13.77,16.23,22.69,35.0,21.6,30.98,14.35,52.56,15.4,23.89,28.78,22.78,6.55,12.24,16.82,16.82,7.76,8.58,16.82,16.82,38.02,11.04,9.26,17.04,52.56,10.18,52.56,8.37,6.3,3.75,6.05,6.55,6.55,35.0,35.0,22.09,24.07,29.11,17.81,22.88,30.84,52.56,52.56,52.56,52.56,26.13,28.61,28.61,28.61,53.53,16.82,52.56,53.53,34.87
035,21.06,13.13,5.08,13.24,13.83,13.24,14.32,14.46,15.18,12.99,13.39,14.6,11.96,13.87,4.71,12.47,5.42,7.94,3.2,14.5,10.15,5.63,14.25,27.21,3.77,2.0,23.07,18.19,23.12,12.11,20.65,19.84,21.67,21.67,26.23,25.93,21.99,14.79,12.13,10.32,23.67,30.86,18.14,22.07,17.58,6.12,11.36,13.83,20.46,32.6,19.19,28.76,11.69,49.91,12.99,21.67,26.56,20.55,3.89,12.29,14.6,14.6,9.53,7.89,14.6,14.6,35.8,8.38,6.6,10.78,49.91,7.52,49.91,11.02,6.18,4.94,6.47,3.89,3.89,32.6,32.6,19.87,21.85,26.89,15.59,20.66,28.62,49.91,49.91,49.91,49.91,23.91,26.38,26.38,26.38,50.88,14.6,49.91,50.88,32.22
049,6.91,9.63,15.39,9.91,8.6,9.91,8.05,9.22,8.73,8.82,9.02,12.44,11.29,13.24,17.56,26.23,18.17,16.55,16.41,28.26,12.23,14.1,10.44,12.76,17.53,16.05,2.0,5.26,4.56,11.25,8.09,7.16,9.01,9.01,7.67,7.37,16.34,10.08,17.07,14.97,5.11,16.41,5.65,5.57,5.71,16.34,10.88,8.6,9.08,20.57,7.78,14.31,10.97,47.04,8.82,9.01,8.0,6.54,15.66,13.66,12.44,12.44,22.84,13.27,12.44,12.44,21.35,11.85,17.31,19.98,47.04,18.08,47.04,18.06,14.79,17.49,17.79,15.66,15.66,20.57,20.57,4.95,5.91,8.33,9.22,3.61,14.17,47.04,47.04,47.04,47.04,3.67,7.83,7.83,7.83,48.01,12.44,47.04,48.01,29.35
055,4.88,6.66,12.13,7.23,5.92,7.23,5.37,6.54,6.05,5.57,5.89,9.19,8.04,9.98,14.3,22.97,14.91,13.29,13.15,25.0,8.97,10.85,7.76,11.03,14.27,12.79,6.88,2.0,6.93,8.28,6.7,5.3,6.04,6.04,10.05,9.74,11.89,7.4,13.82,11.72,7.48,14.67,2.66,5.88,3.03,13.08,7.91,5.92,8.17,18.84,5.1,12.58,8.0,43.02,5.57,6.04,10.37,4.37,12.4,10.41,9.19,9.19,20.03,10.01,9.19,9.19,19.61,8.62,14.06,17.3,43.02,14.82,43.02,14.8,11.53,14.23,14.53,12.4,12.4,18.84,18.84,3.69,5.66,10.71,5.96,4.47,12.43,43.02,43.02,43.02,43.02,7.72,10.2,10.2,10.2,43.99,9.19,43.02,43.99,25.33
220,4.95,9.66,15.42,9.94,8.63,9.94,8.08,9.25,8.76,8.85,9.05,12.48,11.32,13.27,17.59,26.26,18.2,16.58,16.44,28.29,12.26,14.13,10.47,11.62,17.56,16.08,3.7,5.29,2.0,11.28,8.12,7.19,9.04,9.04,6.53,6.23,11.59,10.11,17.1,15.0,4.62,15.27,5.68,4.05,5.74,16.37,10.91,8.63,9.11,19.43,7.81,13.17,11.0,47.09,8.85,9.04,6.86,6.57,15.69,13.69,12.48,12.48,22.87,13.3,12.48,12.48,20.21,11.88,17.34,20.01,47.09,18.11,47.09,18.09,14.82,17.52,17.82,15.69,15.69,19.43,19.43,4.98,4.28,5.46,9.25,3.64,13.03,47.09,47.09,47.09,47.09,4.26,5.44,5.44,5.44,48.06,12.48,47.09,48.06,29.4
011,14.3,4.44,8.41,4.06,6.3,4.06,6.8,5.28,6.0,7.61,5.87,10.43,9.16,10.58,11.32,19.21,11.94,11.06,9.42,21.24,7.95,7.37,6.67,20.45,10.51,8.74,15.87,11.42,15.92,2.0,13.89,13.08,14.91,14.91,19.04,18.73,17.42,6.12,12.77,10.67,16.47,24.1,10.86,15.31,10.31,10.11,3.23,6.3,13.7,23.42,10.01,22.0,2.28,42.33,7.61,14.91,19.36,13.79,8.35,11.01,10.43,10.43,16.27,7.84,10.43,10.43,29.04,4.49,10.01,15.41,42.33,10.77,42.33,13.76,8.56,11.26,12.99,8.35,8.35,23.42,23.42,13.11,15.09,19.7,10.75,13.89,21.86,42.33,42.33,42.33,42.33,16.71,19.19,19.19,19.19,43.3,10.43,42.33,43.3,24.64
016,7.77,8.3,13.78,9.94,7.68,9.94,8.5,9.67,9.18,7.21,7.54,9.29,9.6,11.54,15.94,24.61,16.56,14.94,14.79,26.65,10.61,12.49,10.89,13.92,15.91,14.43,11.14,5.13,11.19,9.93,2.0,2.93,5.26,5.26,13.69,13.39,7.77,10.53,14.94,12.83,11.13,17.56,5.79,9.16,6.16,14.72,9.56,7.68,3.37,21.73,8.23,15.47,9.65,47.72,7.21,5.26,14.02,3.55,14.04,11.52,9.29,9.29,21.68,11.65,9.29,9.29,22.5,10.26,15.7,20.44,47.72,16.46,47.72,15.92,13.17,15.87,15.65,14.04,14.04,21.73,21.73,5.85,9.5,14.35,5.99,6.48,15.33,47.72,47.72,47.72,47.72,11.98,14.46,14.46,14.46,48.69,9.29,47.72,48.69,30.03
016-1,6.37,7.76,13.23,9.4,7.14,9.4,7.57,8.74,8.25,6.67,7.0,9.25,9.14,11.08,15.4,24.07,16.01,14.39,14.25,26.1,10.07,11.95,9.96,12.52,15.37,13.89,9.75,4.2,9.79,9.38,3.4,2.0,4.58,4.58,12.3,11.99,8.59,9.6,14.9,12.8,9.73,16.17,4.86,7.77,5.23,14.18,9.02,7.14,4.87,20.34,7.3,14.07,9.1,46.32,6.67,4.58,12.62,2.93,13.5,11.49,9.25,9.25,21.13,11.11,9.25,9.25,21.11,9.72,15.16,19.5,46.32,15.92,46.32,15.89,12.63,15.33,15.62,13.5,13.5,20.34,20.34,6.39,8.11,12.96,5.96,7.33,13.93,46.32,46.32,46.32,46.32,10.59,13.06,13.06,13.06,47.29,9.25,46.32,47.29,28.63
084,9.14,8.98,14.46,10.62,8.36,10.62,9.23,10.39,9.91,7.89,8.22,10.48,10.36,12.3,16.62,25.29,17.24,15.61,15.47,27.33,11.29,13.17,11.62,15.29,16.59,15.11,12.51,8.06,12.56,10.61,6.89,5.87,2.0,2.0,15.06,14.76,10.42,11.26,16.12,14.02,12.5,18.93,6.7,10.53,9.61,15.4,10.24,8.36,6.71,23.1,9.14,16.84,10.33,49.09,7.89,2.0,15.39,5.7,14.72,12.71,10.48,10.48,22.36,12.33,10.48,10.48,23.87,10.94,16.38,21.35,49.09,17.14,49.09,17.11,13.85,16.55,16.84,14.72,14.72,23.1,23.1,9.15,10.87,15.72,7.18,10.09,16.69,49.09,49.09,49.09,49.09,13.35,15.82,15.82,15.82,50.06,10.48,49.09,50.06,31.4
015,9.14,8.98,14.46,10.62,8.36,10.62,9.23,10.39,9.91,7.89,8.22,10.48,10.36,12.3,16.62,25.29,17.24,15.61,15.47,27.33,11.29,13.17,11.62,15.29,16.59,15.11,12.51,8.06,12.56,10.61,6.89,5.87,2.0,2.0,15.06,14.76,10.42,11.26,16.12,14.02,12.5,18.93,6.7,10.53,9.61,15.4,10.24,8.36,6.71,23.1,9.14,16.84,10.33,49.09,7.89,2.0,15.39,5.7,14.72,12.71,10.48,10.48,22.36,12.33,10.48,10.48,23.87,10.94,16.38,21.35,49.09,17.14,49.09,17.11,13.85,16.55,16.84,14.72,14.72,23.1,23.1,9.15,10.87,15.72,7.18,10.09,16.69,49.09,49.09,49.09,49.09,13.35,15.82,15.82,15.82,50.06,10.48,49.09,50.06,31.4
057,6.23,11.73,17.5,12.02,10.71,12.02,10.16,11.32,10.84,10.93,11.12,14.55,13.4,15.34,19.66,28.33,20.28,18.66,18.51,30.37,14.34,16.21,12.55,7.06,19.64,18.16,5.78,7.36,5.02,13.36,9.8,8.86,10.71,10.71,2.0,2.2,11.98,12.19,19.18,17.08,3.84,13.23,7.75,5.33,7.82,18.45,12.99,10.71,10.78,17.4,9.89,11.13,13.08,50.2,10.93,10.71,2.88,8.24,17.76,15.77,14.55,14.55,24.95,15.38,14.55,14.55,18.17,13.96,19.42,22.09,50.2,20.18,50.2,20.16,16.9,19.6,19.89,17.76,17.76,17.4,17.4,7.06,5.56,4.11,11.33,5.72,10.99,50.2,50.2,50.2,50.2,6.34,5.64,5.64,5.64,51.17,14.55,50.2,51.17,32.51
057-1,6.03,11.53,17.3,11.81,10.51,11.81,9.95,11.12,10.64,10.73,10.92,14.35,13.2,15.14,19.46,28.13,20.08,18.45,18.31,30.17,14.13,16.01,12.35,9.28,19.43,17.95,5.58,7.16,4.82,13.16,9.59,8.66,10.51,10.51,2.3,2.0,11.78,11.99,18.98,16.88,3.64,12.93,7.55,5.13,7.62,18.24,12.79,10.51,10.58,17.1,9.69,10.83,12.88,49.9,10.73,10.51,2.68,8.04,17.56,15.57,14.35,14.35,24.75,15.17,14.35,14.35,17.87,13.75,19.22,21.89,49.9,19.98,49.9,19.96,16.69,19.39,19.69,17.56,17.56,17.1,17.1,6.86,5.36,3.9,11.12,5.52,10.69,49.9,49.9,49.9,49.9,6.14,5.44,5.44,5.44,50.87,14.35,49.9,50.87,32.21
064,9.31,10.66,14.67,12.29,10.04,12.29,10.9,12.07,11.58,9.56,9.89,9.62,9.93,11.51,16.33,25.51,15.89,15.29,15.69,27.54,11.14,13.38,13.3,10.44,16.81,15.33,11.56,8.59,16.38,12.28,5.85,6.39,7.61,7.61,16.97,16.66,2.0,12.93,13.86,11.76,16.32,14.09,9.25,10.24,9.63,15.62,11.91,10.04,4.48,18.26,11.69,11.99,12.0,52.91,9.56,7.61,17.29,7.01,14.94,10.45,9.62,9.62,22.57,12.55,9.62,9.62,17.23,12.38,16.59,22.45,52.91,17.36,52.91,14.85,14.07,16.47,14.57,14.94,14.94,18.26,18.26,9.32,10.47,17.26,7.56,9.95,11.85,52.91,52.91,52.91,52.91,17.18,19.65,19.65,19.65,53.88,9.62,52.91,53.88,35.22
010,12.98,5.01,10.31,3.37,8.04,4.06,5.17,3.3,4.02,8.59,7.79,11.71,10.55,11.98,13.0,21.0,13.62,12.52,11.33,23.03,9.35,9.05,2.36,19.13,12.3,10.53,14.12,10.1,14.17,4.75,14.8,13.4,15.89,15.89,17.28,16.98,18.4,2.0,14.23,12.13,14.72,22.78,9.11,13.62,8.55,11.78,4.63,8.04,14.68,21.43,8.03,20.68,4.47,38.21,8.59,15.89,17.61,12.47,10.14,12.4,11.71,11.71,15.98,9.24,11.71,11.71,27.72,6.27,11.79,13.13,38.21,12.56,38.21,15.22,10.23,12.93,14.67,10.14,10.14,21.43,21.43,11.79,13.4,17.94,11.72,12.16,20.54,38.21,38.21,38.21,38.21,14.96,17.43,17.43,17.43,39.18,11.71,38.21,39.18,20.51
201,22.6,16.86,7.59,18.29,17.55,18.29,18.05,19.51,19.2,16.72,17.11,15.18,10.67,8.7,6.04,15.29,5.59,7.63,8.1,17.32,11.47,10.11,20.89,27.94,6.98,8.75,24.61,19.73,24.66,18.16,21.4,21.35,23.19,23.19,27.77,27.47,19.79,20.35,2.0,5.15,25.21,31.59,20.61,23.61,21.17,7.36,16.41,17.55,21.22,35.76,23.21,29.49,17.74,56.12,16.72,23.19,28.1,22.09,9.26,7.12,15.18,15.18,12.36,9.49,15.18,15.18,34.64,15.35,15.37,16.62,56.12,11.68,56.12,5.83,6.86,6.17,4.28,12.89,12.89,35.76,35.76,21.41,23.39,28.43,16.37,22.19,29.35,56.12,56.12,56.12,56.12,25.45,27.92,27.92,27.92,57.09,15.18,56.12,57.09,38.43
200,19.45,13.71,5.49,15.14,14.4,15.14,14.9,16.36,16.05,13.57,13.96,12.03,7.52,5.55,6.57,15.82,6.13,5.53,6.51,17.86,8.32,5.3,17.74,24.79,7.51,7.55,21.46,16.57,21.5,15.01,18.25,18.2,20.04,20.04,24.62,24.32,16.64,17.2,4.1,2.0,22.05,28.44,17.46,20.46,18.02,6.31,13.26,14.4,18.07,32.6,20.06,26.34,14.59,52.97,13.57,20.04,24.94,18.94,7.16,3.96,12.03,12.03,12.89,6.34,12.03,12.03,31.49,12.2,12.22,14.67,52.97,9.58,52.97,5.08,4.76,6.7,4.81,7.16,7.16,32.6,32.6,18.26,20.23,25.28,13.21,19.04,26.2,52.97,52.97,52.97,52.97,22.3,24.77,24.77,24.77,53.94,12.03,52.97,53.94,35.28
222,4.52,10.02,15.79,10.31,9.0,10.31,8.45,9.61,9.13,9.22,9.41,12.84,11.69,13.63,17.95,26.62,18.57,16.95,16.8,28.66,12.63,14.5,10.84,9.85,17.92,16.44,4.07,5.65,3.75,11.65,8.08,7.15,9.0,9.0,4.76,4.46,11.55,10.48,17.47,15.37,2.0,13.49,6.04,3.62,6.11,16.73,11.28,9.0,9.07,17.66,8.18,11.4,11.37,47.64,9.22,9.0,5.08,6.53,16.05,14.06,12.84,12.84,23.24,13.67,12.84,12.84,18.43,12.24,17.71,20.38,47.64,18.47,47.64,18.45,15.18,17.88,18.18,16.05,16.05,17.66,17.66,5.35,3.85,4.28,9.61,4.01,11.25,47.64,47.64,47.64,47.64,4.63,4.83,4.83,6.25,48.61,12.84,47.64,48.61,29.95
071-1,8.53,15.11,20.58,15.68,14.37,15.68,13.82,14.99,14.5,14.02,14.34,17.48,16.48,18.43,22.75,31.42,23.36,21.74,21.6,33.45,17.42,19.3,16.21,4.56,22.72,21.24,11.6,10.45,10.84,16.73,12.38,11.45,13.29,13.29,9.49,9.29,10.06,15.85,21.73,19.62,9.66,2.0,11.11,9.74,11.48,21.53,16.36,14.37,12.54,9.52,13.55,5.59,16.45,55.7,14.02,13.29,9.7,10.82,20.85,18.32,17.48,17.48,28.48,18.46,17.48,17.48,8.41,17.07,22.5,25.75,55.7,23.27,55.7,22.71,19.98,22.68,22.44,20.85,20.85,9.52,13.27,11.17,9.97,9.69,14.41,11.06,3.49,55.7,55.7,55.7,55.7,12.16,11.46,11.46,11.46,56.67,17.48,55.7,56.67,26.0
074,5.87,6.28,12.23,6.57,5.26,6.57,4.71,5.88,5.39,5.63,5.68,9.78,8.63,10.57,14.54,23.06,15.15,13.53,13.24,25.1,9.56,10.94,7.1,12.02,14.36,12.76,7.47,2.99,7.51,7.91,7.69,6.29,9.06,9.06,10.63,10.33,12.88,6.74,14.41,12.31,8.06,15.67,2.0,6.51,2.56,13.32,7.54,5.26,9.17,19.06,5.66,13.57,7.63,42.03,5.63,9.06,10.95,5.36,12.37,11.0,9.78,9.78,19.5,10.25,9.78,9.78,20.61,8.51,14.03,16.64,42.03,14.79,42.03,15.39,11.77,14.47,15.12,12.37,12.37,19.06,19.06,4.68,6.29,11.29,6.55,5.05,13.43,42.03,42.03,42.03,42.03,8.31,10.78,10.78,10.78,43.0,9.78,42.03,43.0,24.34
051,3.21,9.25,14.72,9.58,8.27,9.58,7.72,8.88,8.4,8.15,8.48,11.78,10.62,12.57,16.89,25.56,17.5,15.88,15.74,27.59,11.56,13.44,10.11,9.97,16.86,15.38,4.38,4.59,5.08,10.87,6.78,5.85,7.69,7.69,7.0,6.7,14.36,9.75,16.41,14.3,4.43,13.61,5.01,2.0,5.38,15.67,10.5,8.27,7.76,17.78,7.45,11.51,10.59,46.54,8.15,7.69,7.32,5.22,14.99,12.99,11.78,11.78,22.51,12.6,11.78,11.78,18.55,11.21,16.64,19.65,46.54,17.41,46.54,17.39,14.12,16.82,17.12,14.99,14.99,17.78,17.78,4.14,2.54,7.66,8.55,3.64,11.37,46.54,46.54,46.54,46.54,6.41,8.35,8.35,8.35,47.51,11.78,46.54,47.51,28.85
054,6.43,5.91,11.85,6.2,4.89,6.2,4.34,5.5,5.02,5.26,5.3,10.15,9.0,10.94,14.17,22.69,14.78,13.16,12.87,24.72,9.51,10.57,6.73,12.58,13.99,12.39,7.57,3.03,7.61,7.54,8.25,6.85,7.08,7.08,10.73,10.43,13.44,6.37,14.78,12.68,8.16,16.22,2.37,7.07,2.0,12.95,7.17,4.89,9.72,18.51,4.07,14.13,7.26,41.47,5.26,7.08,11.05,5.92,12.0,11.37,10.15,10.15,19.13,9.88,10.15,10.15,21.16,8.13,13.65,16.27,41.47,14.42,41.47,15.76,11.4,14.1,15.49,12.0,12.0,18.51,18.51,5.24,6.85,11.39,6.92,5.61,13.98,41.47,41.47,41.47,41.47,8.41,10.88,10.88,10.88,42.44,10.15,41.47,42.44,23.78
033,21.5,13.97,5.42,14.61,14.67,14.61,15.16,15.83,16.32,13.83,14.23,15.04,11.71,12.02,3.41,13.05,4.02,9.05,5.3,15.08,9.9,6.11,17.22,27.65,4.35,8.18,23.51,18.62,23.55,14.16,21.09,20.27,22.11,22.11,26.67,26.37,22.43,16.68,10.03,8.47,24.1,31.3,18.98,22.51,18.42,2.0,12.74,14.67,20.9,33.73,20.32,29.2,13.74,52.88,13.83,22.11,26.99,20.99,7.92,10.43,15.04,15.04,10.11,6.6,15.04,15.04,36.24,11.35,10.4,13.46,52.88,11.55,52.88,8.93,4.33,3.34,5.08,7.92,7.92,33.73,33.73,20.31,22.28,27.33,16.03,21.09,29.06,52.88,52.88,52.88,52.88,24.35,26.82,26.82,26.82,53.85,15.04,52.88,53.85,35.19
013,13.75,3.88,7.71,3.88,5.75,3.88,6.25,5.09,5.82,6.5,5.31,12.8,10.89,9.35,10.38,18.54,10.99,9.9,8.72,20.58,6.72,6.42,6.48,19.9,9.85,8.24,15.32,10.87,15.37,3.84,13.34,12.52,14.36,14.36,18.48,18.18,16.87,5.94,11.61,9.51,15.92,23.55,10.31,14.75,9.75,9.16,2.0,5.75,13.15,23.23,9.83,21.45,3.42,42.14,6.5,14.36,18.81,13.24,7.85,9.78,12.8,9.2,15.61,6.61,12.8,12.8,28.49,3.99,9.51,15.37,42.14,10.27,42.14,12.59,7.61,10.31,12.04,7.85,7.85,23.23,23.23,12.56,14.53,19.14,9.81,13.34,21.31,42.14,42.14,42.14,42.14,16.16,18.64,18.64,18.64,43.11,12.8,42.14,43.11,24.45
004,10.76,3.24,9.35,4.88,2.0,4.88,3.99,5.16,4.68,3.5,2.48,8.81,7.66,9.6,11.66,20.18,12.28,10.65,10.36,22.22,7.15,8.06,6.39,16.91,11.49,9.88,11.9,7.89,11.95,4.87,10.52,9.71,11.54,11.54,15.07,14.76,14.05,6.03,12.37,10.27,12.5,20.56,6.89,11.4,6.34,10.44,4.5,2.0,10.34,22.41,9.01,18.46,4.59,42.94,3.5,11.54,15.39,10.25,9.49,10.03,8.81,8.81,17.25,7.37,8.81,8.81,25.5,5.63,11.15,17.01,42.94,11.91,42.94,13.35,8.89,11.59,13.08,9.49,9.49,22.41,22.41,9.57,11.18,15.73,7.38,9.94,18.32,42.94,42.94,42.94,42.94,12.74,15.22,15.22,15.22,43.91,8.81,42.94,43.91,25.25
101,9.25,8.18,13.65,9.81,7.56,9.81,8.42,9.59,9.11,7.09,7.41,9.16,9.47,11.42,15.82,24.49,16.43,14.81,14.67,26.52,10.49,12.37,10.82,14.16,15.79,14.31,12.62,6.12,12.66,9.8,4.05,3.92,5.14,5.14,15.17,14.87,5.72,10.46,14.81,12.71,12.6,17.81,6.78,10.64,7.15,14.6,9.44,7.56,2.0,21.97,9.22,15.71,9.52,49.2,7.09,5.14,15.49,4.54,13.92,11.4,9.16,9.16,21.55,11.53,9.16,9.16,20.95,10.14,15.57,21.42,49.2,16.34,49.2,15.79,13.05,15.75,15.52,13.92,13.92,21.97,21.97,6.84,10.98,15.83,5.86,7.47,15.57,49.2,49.2,49.2,49.2,13.46,15.93,15.93,15.93,50.17,9.16,49.2,50.17,31.5
085,11.31,15.34,21.86,14.9,15.61,14.9,14.38,14.09,13.61,15.98,16.02,20.26,19.26,21.21,24.37,31.4,24.98,23.36,22.88,33.43,19.86,20.58,14.94,7.33,24.0,22.4,14.38,13.23,13.62,16.28,15.15,14.22,16.07,16.07,12.27,12.06,12.84,14.96,24.5,22.4,12.44,13.27,13.38,12.52,13.0,23.15,16.16,15.61,15.32,2.0,10.94,8.37,16.0,51.78,15.98,16.07,12.48,13.6,22.01,21.09,20.26,20.26,26.0,20.08,20.26,20.26,18.21,18.14,23.66,23.14,51.78,24.43,51.78,25.49,21.6,24.3,25.22,22.01,22.01,2.0,2.0,13.95,12.75,12.46,17.19,13.84,8.02,51.78,51.78,51.78,51.78,14.94,14.24,14.24,14.24,52.75,20.26,51.78,52.75,23.39
082,9.53,6.4,12.93,5.97,6.67,5.97,5.44,5.16,4.67,7.04,7.08,12.22,11.07,13.01,15.43,22.46,16.05,14.43,13.94,24.49,10.92,11.64,6.0,15.68,15.06,13.46,10.67,6.65,10.71,7.34,11.35,9.95,12.72,12.72,13.83,13.53,16.54,6.02,16.14,14.04,11.26,19.32,4.44,10.17,5.1,14.22,7.22,6.67,12.82,15.4,2.0,17.23,7.06,38.37,7.04,12.72,14.15,9.02,13.07,13.44,12.22,12.22,17.06,11.15,12.22,12.22,24.26,9.21,14.73,14.2,38.37,15.49,38.37,17.12,12.67,15.37,16.85,13.07,13.07,15.4,15.4,8.34,9.95,14.49,8.99,8.71,17.09,38.37,38.37,38.37,38.37,11.51,13.98,13.98,13.98,39.34,12.22,38.37,39.34,20.68
152-1,7.13,13.71,19.19,14.28,12.97,14.28,12.42,13.59,13.11,12.62,12.94,16.09,15.09,17.03,21.35,30.02,21.96,20.34,20.2,32.05,16.02,17.9,14.82,3.16,21.32,19.84,10.21,9.05,9.45,15.33,10.98,10.05,11.89,11.89,8.09,7.89,8.66,14.45,20.33,18.23,8.26,7.38,9.71,8.34,10.08,20.13,14.97,12.97,11.14,11.55,12.15,2.0,15.05,53.6,12.62,11.89,8.31,9.43,19.45,16.92,16.09,16.09,27.09,17.06,16.09,16.09,12.32,15.67,21.11,24.36,53.6,21.87,53.6,21.31,18.58,21.28,21.04,19.45,19.45,11.55,11.55,9.77,8.57,8.29,13.01,9.67,4.1,53.6,53.6,53.6,53.6,10.77,10.06,10.06,10.06,54.57,16.09,53.6,54.57,24.61
012,13.88,4.02,8.12,3.64,5.88,3.64,6.38,4.86,5.58,7.19,5.45,10.15,8.88,10.3,11.04,18.93,11.66,10.78,9.14,20.96,7.67,7.09,6.25,20.03,10.23,8.46,15.45,11.0,15.5,2.42,13.47,12.66,14.49,14.49,18.62,18.31,17.0,5.7,12.49,10.39,16.05,23.68,10.44,14.89,9.89,9.83,2.95,5.88,13.28,23.0,9.59,21.58,2.0,41.91,7.19,14.49,18.94,13.37,8.07,10.73,10.15,10.15,15.99,7.56,10.15,10.15,28.62,4.21,9.73,15.13,41.91,10.49,41.91,13.48,8.28,10.98,12.71,8.07,8.07,23.0,23.0,12.69,14.66,19.28,10.33,13.47,21.44,41.91,41.91,41.91,41.91,16.29,18.77,18.77,18.77,42.88,10.15,41.91,42.88,24.22
#001,31.27,28.35,33.72,27.51,29.29,27.51,27.38,27.0,26.61,29.66,29.13,34.98,33.82,35.49,36.65,42.23,37.36,36.37,34.74,44.27,32.86,33.18,25.77,35.37,35.71,33.94,32.03,29.35,32.06,28.89,32.48,31.55,33.39,33.39,34.14,33.93,35.94,26.14,38.08,35.98,32.42,37.8,28.69,31.69,28.32,35.92,28.76,29.29,33.46,35.18,26.25,36.4,28.6,2.0,29.66,33.39,34.35,30.93,33.55,35.92,34.98,34.98,36.83,33.09,34.98,34.98,41.09,29.68,35.2,33.98,2.0,35.97,2.0,39.07,34.37,36.87,38.41,33.55,33.55,35.18,35.18,30.47,31.55,34.58,31.75,30.72,36.31,2.0,2.0,2.0,2.0,32.59,34.24,34.24,34.24,2.65,34.98,2.0,2.65,21.91
,10.23,4.12,8.79,5.75,4.25,7.63,5.54,7.3,6.57,2.0,4.03,7.5,6.34,8.29,11.11,19.63,11.72,10.1,9.81,21.66,6.44,7.51,6.76,16.38,10.93,9.33,12.23,7.35,12.28,5.74,9.82,9.0,10.84,10.84,15.4,15.09,13.35,6.39,11.81,9.71,12.83,20.02,7.44,11.23,6.89,9.89,5.0,4.25,9.63,22.96,9.56,17.93,5.46,43.49,2.0,10.84,15.72,9.72,8.94,8.71,7.5,7.5,16.69,6.82,7.5,7.5,24.96,5.07,10.59,16.45,43.49,11.36,43.49,12.8,8.34,11.04,12.53,8.94,8.94,22.96,22.96,9.04,11.01,16.06,5.4,9.82,17.78,43.49,43.49,43.49,43.49,13.07,15.55,15.55,15.55,44.46,7.5,43.49,44.46,25.8
015-1,9.14,8.98,14.46,10.62,8.36,10.62,9.23,10.39,9.91,7.89,8.22,10.48,10.36,12.3,16.62,25.29,17.24,15.61,15.47,27.33,11.29,13.17,11.62,15.29,16.59,15.11,12.51,8.06,12.56,10.61,6.89,5.87,2.0,2.0,15.06,14.76,10.42,11.26,16.12,14.02,12.5,18.93,6.7,10.53,9.61,15.4,10.24,8.36,6.71,23.1,9.14,16.84,10.33,49.09,7.89,2.0,15.39,5.7,14.72,12.71,10.48,10.48,22.36,12.33,10.48,10.48,23.87,10.94,16.38,21.35,49.09,17.14,49.09,17.11,13.85,16.55,16.84,14.72,14.72,23.1,23.1,9.15,10.87,15.72,7.18,10.09,16.69,49.09,49.09,49.09,49.09,13.35,15.82,15.82,15.82,50.06,10.48,49.09,50.06,31.4
059,6.45,11.95,17.72,12.23,10.93,12.23,10.37,11.54,11.06,11.15,11.34,14.77,13.62,15.56,19.88,28.55,20.49,18.87,18.73,30.58,14.55,16.43,12.77,9.91,19.85,18.37,6.0,7.58,5.24,13.57,10.01,9.08,10.92,10.92,3.32,3.02,12.19,12.4,19.4,17.3,4.06,13.55,7.97,5.55,8.04,18.66,13.21,10.93,11.0,17.72,10.1,11.46,13.29,50.53,11.15,10.92,2.0,8.46,17.98,15.99,14.77,14.77,25.16,15.59,14.77,14.77,18.5,14.17,19.64,22.31,50.53,20.4,50.53,20.38,17.11,19.81,20.11,17.98,17.98,17.72,17.72,7.27,5.78,4.32,11.54,5.93,11.32,50.53,50.53,50.53,50.53,6.56,5.85,5.85,5.85,51.5,14.77,50.53,51.5,32.84
017,5.44,8.24,13.71,8.81,7.5,8.81,6.95,8.12,7.63,7.14,7.47,9.88,9.61,11.56,15.88,24.55,16.49,14.87,14.73,26.58,10.55,12.43,9.34,11.59,15.85,14.37,8.81,3.58,8.86,9.86,4.33,2.62,4.46,4.46,11.37,11.06,9.52,8.98,15.4,13.29,8.8,15.24,4.24,6.84,4.61,14.66,9.49,7.5,5.81,19.4,6.68,13.14,9.58,45.39,7.14,4.46,11.69,2.0,13.98,11.98,9.88,9.88,21.61,11.59,9.88,9.88,20.18,10.2,15.63,18.88,45.39,16.4,45.39,16.38,13.11,15.81,16.11,13.98,13.98,19.4,19.4,5.45,7.18,12.03,6.58,6.4,13.0,45.39,45.39,45.39,45.39,9.65,12.13,12.13,12.13,46.36,9.88,45.39,46.36,27.7
019,20.48,12.55,3.66,12.65,13.24,12.65,13.74,13.87,14.6,12.41,12.8,14.01,11.37,13.28,5.97,13.73,6.68,7.54,4.46,15.76,9.56,5.05,13.66,26.63,5.03,3.26,22.48,17.6,22.53,11.53,20.06,19.25,21.08,21.08,25.65,25.34,21.41,14.2,9.26,9.73,23.08,30.27,17.55,21.48,17.0,5.94,10.78,13.24,19.88,32.01,18.61,28.18,11.11,49.32,12.41,21.08,25.97,19.97,2.0,11.7,14.01,14.01,10.14,7.3,14.01,14.01,35.21,7.79,4.71,9.52,49.32,4.42,49.32,12.91,4.39,6.2,7.73,2.0,2.0,32.01,32.01,19.29,21.26,26.31,15.01,20.07,28.03,49.32,49.32,49.32,49.32,23.32,25.8,25.8,25.8,50.29,14.01,49.32,50.29,31.63
203,17.49,13.61,6.8,15.54,14.05,15.54,14.8,16.68,15.95,12.07,13.76,10.06,5.56,3.58,7.88,17.13,7.43,6.84,7.82,19.17,6.58,6.61,18.15,22.83,8.82,8.86,19.49,14.61,19.54,15.51,16.29,16.24,18.07,18.07,22.66,22.35,14.68,17.61,5.41,3.31,20.09,26.47,15.5,18.49,16.06,7.62,13.67,14.05,16.1,30.64,19.16,24.38,15.09,52.87,12.07,18.07,22.98,16.98,8.47,2.0,10.06,10.06,14.2,6.2,10.06,10.06,29.53,12.7,10.12,15.98,52.87,10.89,52.87,6.39,6.07,8.01,6.12,8.47,8.47,30.64,30.64,16.3,18.27,23.32,11.25,17.08,24.23,52.87,52.87,52.87,52.87,20.33,22.81,22.81,22.81,53.84,10.06,52.87,53.84,35.18
500-B,15.66,12.35,9.74,14.67,12.22,14.67,13.52,15.27,14.54,10.24,11.98,2.0,6.51,6.95,11.91,20.58,12.52,10.9,10.76,22.61,6.21,8.46,17.11,21.58,11.88,10.4,17.67,12.78,17.71,14.64,12.93,12.88,14.71,14.71,20.83,20.53,13.43,16.56,10.79,8.69,18.26,25.23,13.67,16.67,14.23,10.69,9.2,12.22,12.74,29.39,17.33,23.13,14.22,51.46,10.24,14.71,21.15,13.81,10.01,7.38,2.0,2.0,17.64,7.62,2.0,2.0,28.28,9.05,11.66,17.53,51.46,12.43,51.46,11.77,9.14,11.84,11.5,10.01,10.01,29.39,29.39,14.47,16.44,21.49,7.86,15.25,22.99,51.46,51.46,51.46,51.46,18.51,20.98,20.98,20.98,52.43,2.0,51.46,52.43,33.77
025-1,15.66,12.35,9.74,14.67,12.22,14.67,13.52,15.27,14.54,10.24,11.98,2.0,6.51,6.95,11.91,20.58,12.52,10.9,10.76,22.61,6.21,8.46,17.11,21.58,11.88,10.4,17.67,12.78,17.71,14.64,12.93,12.88,14.71,14.71,20.83,20.53,13.43,16.56,10.79,8.69,18.26,25.23,13.67,16.67,14.23,10.69,12.8,12.22,12.74,29.39,17.33,23.13,14.22,51.46,10.24,14.71,21.15,13.81,10.01,7.38,2.0,2.0,17.64,7.62,2.0,2.0,28.28,9.05,11.66,17.53,51.46,12.43,51.46,11.77,9.14,11.84,11.5,10.01,10.01,29.39,29.39,14.47,16.44,21.49,7.86,15.25,22.99,51.46,51.46,51.46,51.46,18.51,20.98,20.98,20.98,52.43,2.0,51.46,52.43,33.77
105-2,31.93,24.18,13.85,24.29,24.87,24.29,25.37,24.27,25.0,24.04,24.44,25.46,22.33,21.88,12.06,8.75,13.12,19.67,12.33,10.79,20.52,15.78,22.43,38.08,10.64,13.3,33.26,29.05,33.31,23.41,31.52,30.7,32.53,32.53,36.42,36.12,32.86,22.97,17.53,18.33,33.86,41.73,28.25,32.76,27.69,14.17,22.41,24.87,31.33,38.0,24.59,39.63,22.99,54.25,24.04,32.53,36.75,31.42,14.21,20.3,25.46,25.46,2.0,17.22,25.46,25.46,46.67,19.68,14.34,10.43,54.25,10.58,54.25,17.01,14.95,12.39,14.7,14.21,14.21,38.0,38.0,30.74,32.54,37.08,26.46,31.3,39.49,54.25,54.25,54.25,54.25,34.1,36.57,36.57,36.57,55.22,25.46,54.25,55.22,36.56
022,16.9,9.37,4.25,10.8,10.06,10.8,10.56,12.02,11.71,9.23,9.62,10.43,7.11,9.24,6.29,15.08,6.9,5.28,5.26,17.12,5.3,3.69,13.4,23.05,6.39,5.93,18.9,14.02,18.95,10.77,16.48,15.67,17.5,17.5,22.06,21.76,17.82,12.86,6.99,4.89,19.5,26.69,14.38,17.9,13.82,5.07,8.92,10.06,16.3,29.13,15.72,24.59,10.35,48.63,9.23,17.5,22.39,16.39,5.54,8.3,10.43,10.43,12.15,2.0,10.43,10.43,31.63,7.96,9.79,13.05,48.63,7.96,48.63,7.98,3.52,6.22,7.71,5.54,5.54,29.13,29.13,15.7,17.68,22.72,11.43,16.49,24.45,48.63,48.63,48.63,48.63,19.74,22.22,22.22,22.22,49.6,10.43,48.63,49.6,30.94
500-C,15.66,12.35,9.74,14.67,12.22,14.67,13.52,15.27,14.54,10.24,11.98,2.0,6.51,6.95,11.91,20.58,12.52,10.9,10.76,22.61,6.21,8.46,17.11,21.58,11.88,10.4,17.67,12.78,17.71,14.64,12.93,12.88,14.71,14.71,20.83,20.53,13.43,16.56,10.79,8.69,18.26,25.23,13.67,16.67,14.23,10.69,9.2,12.22,12.74,29.39,17.33,23.13,14.22,51.46,10.24,14.71,21.15,13.81,10.01,7.38,2.0,2.0,17.64,7.62,2.0,2.0,28.28,9.05,11.66,17.53,51.46,12.43,51.46,11.77,9.14,11.84,11.5,10.01,10.01,29.39,29.39,14.47,16.44,21.49,7.86,15.25,22.99,51.46,51.46,51.46,51.46,18.51,20.98,20.98,20.98,52.43,2.0,51.46,52.43,33.77
500-A,15.66,12.35,9.74,14.67,12.22,14.67,13.52,15.27,14.54,10.24,11.98,2.0,6.51,6.95,11.91,20.58,12.52,10.9,10.76,22.61,6.21,8.46,17.11,21.58,11.88,10.4,17.67,12.78,17.71,14.64,12.93,12.88,14.71,14.71,20.83,20.53,13.43,16.56,10.79,8.69,18.26,25.23,13.67,16.67,14.23,10.69,9.2,12.22,12.74,29.39,17.33,23.13,14.22,51.46,10.24,14.71,21.15,13.81,10.01,7.38,2.0,2.0,17.64,7.62,2.0,2.0,28.28,9.05,11.66,17.53,51.46,12.43,51.46,11.77,9.14,11.84,11.5,10.01,10.01,29.39,29.39,14.47,16.44,21.49,7.86,15.25,22.99,51.46,51.46,51.46,51.46,18.51,20.98,20.98,20.98,52.43,2.0,51.46,52.43,33.77
086,11.82,18.4,23.88,18.97,17.67,18.97,17.11,18.28,17.8,17.31,17.64,19.52,19.78,21.41,26.04,34.71,25.79,25.04,24.89,36.75,20.71,22.59,19.51,7.85,26.01,24.53,14.9,13.74,14.14,20.03,15.67,14.74,16.58,16.58,12.78,12.58,12.15,19.14,23.76,21.66,12.96,6.27,14.4,13.03,14.78,24.82,19.66,17.67,14.63,12.81,16.84,8.88,19.75,60.64,17.31,16.58,13.0,14.12,24.14,20.35,19.52,19.52,31.78,21.75,19.52,19.52,2.0,20.36,25.8,29.05,60.64,26.56,60.64,24.75,23.27,25.97,24.48,24.14,24.14,12.81,12.81,14.47,13.26,12.98,17.46,14.36,6.79,60.64,60.64,60.64,60.64,15.46,14.75,14.75,14.75,61.61,19.52,60.64,61.61,29.3
021,14.8,6.75,6.04,6.86,7.44,6.86,7.94,8.08,8.8,6.61,7.01,12.57,9.93,8.71,8.97,16.72,9.67,9.19,7.05,18.76,8.12,5.5,7.86,20.95,8.02,6.25,16.77,11.93,16.82,5.73,14.39,13.58,15.41,15.41,19.93,19.63,17.57,8.41,10.9,8.8,17.37,24.6,11.76,15.81,11.2,8.24,4.98,7.44,14.21,26.22,12.81,22.5,5.31,43.53,6.61,15.41,20.26,14.29,5.86,9.14,12.57,12.57,13.79,5.97,12.57,12.57,29.54,2.0,7.52,13.38,43.53,8.28,43.53,11.89,6.68,9.19,10.73,5.86,5.86,26.22,26.22,13.61,15.59,20.59,9.92,14.39,22.36,43.53,43.53,43.53,43.53,17.61,20.08,20.08,20.08,44.5,12.57,43.53,44.5,25.84
143,22.96,15.03,5.32,15.14,15.72,15.14,16.22,16.35,17.08,14.89,15.29,16.5,13.86,15.77,7.78,15.54,8.49,9.2,6.27,17.57,12.05,5.69,16.14,29.11,6.84,5.07,24.97,20.08,25.01,14.01,22.55,21.73,23.57,23.57,28.13,27.83,23.89,16.69,10.91,8.81,25.56,32.76,20.04,23.97,19.48,7.6,13.26,15.72,22.36,34.49,21.09,30.66,13.59,51.81,14.89,23.57,28.45,22.45,3.81,14.18,16.5,16.5,10.23,7.19,16.5,16.5,37.7,10.28,2.0,9.6,51.81,4.51,51.81,11.08,6.05,8.0,9.54,3.81,3.81,34.49,34.49,21.77,23.74,28.79,17.49,22.55,30.52,51.81,51.81,51.81,51.81,25.81,28.28,28.28,28.28,52.77,16.5,51.81,52.77,34.11
029,27.83,23.21,15.77,20.75,24.51,20.75,21.86,19.99,20.71,23.68,24.08,25.29,22.65,24.56,12.97,13.02,13.67,21.59,11.98,15.05,20.84,16.32,18.15,33.99,12.03,15.17,28.98,24.96,29.02,22.12,29.65,28.26,31.02,31.02,32.14,31.83,32.68,18.69,23.93,21.01,29.57,37.63,23.96,28.48,23.41,19.19,22.05,24.51,31.13,33.71,20.31,35.53,21.7,49.96,23.68,31.02,32.46,27.32,13.28,22.97,25.29,25.29,7.62,18.58,25.29,25.29,42.57,19.07,13.41,2.0,49.96,9.65,49.96,23.41,16.87,13.19,14.73,13.28,13.28,33.71,33.71,26.64,28.25,32.8,26.28,27.02,35.39,49.96,49.96,49.96,49.96,29.82,32.29,32.29,32.29,50.93,25.29,49.96,50.93,32.27
#017-,31.27,28.35,33.72,27.51,29.29,27.51,27.38,27.0,26.61,29.66,29.13,34.98,33.82,35.49,36.65,42.23,37.36,36.37,34.74,44.27,32.86,33.18,25.77,35.37,35.71,33.94,32.03,29.35,32.06,28.89,32.48,31.55,33.39,33.39,34.14,33.93,35.94,26.14,38.08,35.98,32.42,37.8,28.69,31.69,28.32,35.92,28.76,29.29,33.46,35.18,26.25,36.4,28.6,2.0,29.66,33.39,34.35,30.93,33.55,35.92,34.98,34.98,36.83,33.09,34.98,34.98,41.09,29.68,35.2,33.98,2.0,35.97,2.0,39.07,34.37,36.87,38.41,33.55,33.55,35.18,35.18,30.47,31.55,34.58,31.75,30.72,36.31,2.0,2.0,2.0,2.0,32.59,34.24,34.24,34.24,2.65,34.98,2.0,2.65,21.91
142,24.11,16.18,6.08,16.28,16.87,16.28,17.37,17.5,18.23,16.04,16.43,17.64,15.0,16.91,8.39,13.12,9.1,9.96,6.88,15.15,13.19,8.68,17.29,30.26,7.45,5.68,26.11,21.23,26.16,15.16,23.69,22.88,24.71,24.71,29.28,28.97,25.04,17.83,16.52,13.36,26.71,33.9,21.18,25.11,20.63,8.36,14.41,16.87,23.51,35.64,22.24,31.81,14.74,52.95,16.04,24.71,29.6,23.6,5.63,15.33,17.64,17.64,7.72,10.93,17.64,17.64,38.84,11.42,5.76,7.1,52.95,2.0,52.95,16.54,9.22,8.62,10.15,5.63,5.63,35.64,35.64,22.92,24.89,29.94,18.64,23.7,31.66,52.95,52.95,52.95,52.95,26.95,29.43,29.43,29.43,53.92,17.64,52.95,53.92,35.26
#017,31.27,28.35,33.72,27.51,29.29,27.51,27.38,27.0,26.61,29.66,29.13,34.98,33.82,35.49,36.65,42.23,37.36,36.37,34.74,44.27,32.86,33.18,25.77,35.37,35.71,33.94,32.03,29.35,32.06,28.89,32.48,31.55,33.39,33.39,34.14,33.93,35.94,26.14,38.08,35.98,32.42,37.8,28.69,31.69,28.32,35.92,28.76,29.29,33.46,35.18,26.25,36.4,28.6,2.0,29.66,33.39,34.35,30.93,33.55,35.92,34.98,34.98,36.83,33.09,34.98,34.98,41.09,29.68,35.2,33.98,2.0,35.97,2.0,39.07,34.37,36.87,38.41,33.55,33.55,35.18,35.18,30.47,31.55,34.58,31.75,30.72,36.31,2.0,2.0,2.0,2.0,32.59,34.24,34.24,34.24,2.65,34.98,2.0,2.65,21.91
031,24.08,18.34,8.38,19.76,19.03,19.76,19.53,20.98,20.68,18.2,18.59,16.66,12.15,10.18,5.3,14.94,4.86,8.61,7.37,16.98,12.95,11.58,22.37,29.42,6.24,8.01,26.09,21.2,26.13,19.63,22.88,22.83,24.66,24.66,29.25,28.94,21.27,21.83,4.55,6.63,26.68,33.06,22.09,25.08,22.65,6.62,17.89,19.03,22.69,37.23,24.69,30.97,19.21,57.6,18.2,24.66,29.57,23.57,9.28,8.59,16.66,16.66,12.01,10.97,16.66,16.66,36.12,16.83,15.62,16.27,57.6,11.7,57.6,2.0,7.85,5.43,3.54,9.28,9.28,37.23,37.23,22.89,24.86,29.91,17.84,23.67,30.82,57.6,57.6,57.6,57.6,26.93,29.4,29.4,29.4,58.57,16.66,57.6,58.57,39.91
030,19.17,11.65,2.73,12.29,12.34,12.29,12.84,13.51,13.99,11.51,11.9,12.71,9.38,9.69,4.77,13.57,5.38,5.15,3.75,15.6,7.58,3.78,14.89,25.32,4.87,4.79,21.18,16.3,21.23,11.83,18.76,17.95,19.78,19.78,24.34,24.04,20.1,14.35,9.3,6.14,21.78,28.97,16.66,20.18,16.1,3.55,10.41,12.34,18.57,31.4,18.0,26.87,11.41,50.55,11.51,19.78,24.67,18.66,5.59,8.11,12.71,12.71,10.63,4.28,12.71,12.71,33.91,9.03,8.07,11.91,50.55,6.81,50.55,10.77,2.0,4.7,6.44,5.59,5.59,31.4,31.4,17.98,19.96,25.0,13.7,18.76,26.73,50.55,50.55,50.55,50.55,22.02,24.49,24.49,24.49,51.52,12.71,50.55,51.52,32.86
036,23.22,15.7,6.95,16.34,16.39,16.34,16.89,17.56,18.04,15.56,15.95,16.76,13.43,12.6,2.22,11.86,2.84,10.78,5.43,13.9,11.63,7.83,18.65,29.37,3.17,6.4,25.23,20.35,25.28,15.88,22.81,22.0,23.83,23.83,28.39,28.09,23.7,18.4,8.25,9.06,25.83,33.02,20.71,24.23,20.15,4.01,14.46,16.39,22.63,35.45,22.05,30.92,15.46,54.31,15.56,23.83,28.72,22.71,8.3,11.02,16.76,16.76,8.93,8.33,16.76,16.76,37.96,12.78,11.01,18.79,54.31,11.93,54.31,7.15,6.05,2.0,4.84,8.3,8.3,35.45,35.45,22.03,24.01,29.05,17.75,22.82,30.78,54.31,54.31,54.31,54.31,26.07,28.55,28.55,28.55,55.28,16.76,54.31,55.28,36.62
037,23.67,17.93,9.26,18.94,18.62,18.94,19.12,20.16,20.27,17.79,18.18,16.25,11.74,9.77,3.76,13.4,3.31,11.51,7.74,15.43,12.54,10.43,20.95,29.01,4.7,8.71,25.68,20.79,25.72,18.49,22.47,22.42,24.26,24.26,28.84,28.54,20.86,21.0,5.42,6.22,26.27,32.66,21.68,24.68,22.24,6.62,17.06,18.62,22.29,36.82,24.28,30.56,18.07,56.61,17.79,24.26,29.16,23.16,10.6,8.18,16.25,16.25,10.46,10.56,16.25,16.25,35.71,15.09,13.31,21.09,56.61,14.23,56.61,4.31,8.65,3.89,2.0,10.6,10.6,36.82,36.82,22.48,24.45,29.5,17.43,23.26,30.42,56.61,56.61,56.61,56.61,26.52,28.99,28.99,28.99,57.58,16.25,56.61,57.58,38.92
018,20.48,12.55,3.66,12.65,13.24,12.65,13.74,13.87,14.6,12.41,12.8,14.01,11.37,13.28,5.97,13.73,6.68,7.54,4.46,15.76,9.56,5.05,13.66,26.63,5.03,3.26,22.48,17.6,22.53,11.53,20.06,19.25,21.08,21.08,25.65,25.34,21.41,14.2,9.26,9.73,23.08,30.27,17.55,21.48,17.0,5.94,10.78,13.24,19.88,32.01,18.61,28.18,11.11,49.32,12.41,21.08,25.97,19.97,2.0,11.7,14.01,14.01,10.14,7.3,14.01,14.01,35.21,7.79,4.71,9.52,49.32,4.42,49.32,12.91,4.39,6.2,7.73,2.0,2.0,32.01,32.01,19.29,21.26,26.31,15.01,20.07,28.03,49.32,49.32,49.32,49.32,23.32,25.8,25.8,25.8,50.29,14.01,49.32,50.29,31.63
075-1,20.48,12.55,3.66,12.65,13.24,12.65,13.74,13.87,14.6,12.41,12.8,14.01,11.37,13.28,5.97,13.73,6.68,7.54,4.46,15.76,9.56,5.05,13.66,26.63,5.03,3.26,22.48,17.6,22.53,11.53,20.06,19.25,21.08,21.08,25.65,25.34,21.41,14.2,9.26,9.73,23.08,30.27,17.55,21.48,17.0,5.94,10.78,13.24,19.88,32.01,18.61,28.18,11.11,49.32,12.41,21.08,25.97,19.97,2.0,11.7,14.01,14.01,10.14,7.3,14.01,14.01,35.21,7.79,4.71,9.52,49.32,4.42,49.32,12.91,4.39,6.2,7.73,2.0,2.0,32.01,32.01,19.29,21.26,26.31,15.01,20.07,28.03,49.32,49.32,49.32,49.32,23.32,25.8,25.8,25.8,50.29,14.01,49.32,50.29,31.63
081,11.31,15.34,21.86,14.9,15.61,14.9,14.38,14.09,13.61,15.98,16.02,20.26,19.26,21.21,24.37,31.4,24.98,23.36,22.88,33.43,19.86,20.58,14.94,7.33,24.0,22.4,14.38,13.23,13.62,16.28,15.15,14.22,16.07,16.07,12.27,12.06,12.84,14.96,24.5,22.4,12.44,13.27,13.38,12.52,13.0,23.15,16.16,15.61,15.32,2.0,10.94,8.37,16.0,51.78,15.98,16.07,12.48,13.6,22.01,21.09,20.26,20.26,26.0,20.08,20.26,20.26,18.21,18.14,23.66,23.14,51.78,24.43,51.78,25.49,21.6,24.3,25.22,22.01,22.01,2.0,2.0,13.95,12.75,12.46,17.19,13.84,8.02,51.78,51.78,51.78,51.78,14.94,14.24,14.24,14.24,52.75,20.26,51.78,52.75,23.39
085-1,11.31,15.34,21.86,14.9,15.61,14.9,14.38,14.09,13.61,15.98,16.02,20.26,19.26,21.21,24.37,31.4,24.98,23.36,22.88,33.43,19.86,20.58,14.94,7.33,24.0,22.4,14.38,13.23,13.62,16.28,15.15,14.22,16.07,16.07,12.27,12.06,12.84,14.96,24.5,22.4,12.44,9.52,13.38,12.52,13.0,23.15,16.16,15.61,15.32,2.0,10.94,8.37,16.0,51.78,15.98,16.07,12.48,13.6,22.01,21.09,20.26,20.26,26.0,20.08,20.26,20.26,18.21,18.14,23.66,23.14,51.78,24.43,51.78,25.49,21.6,24.3,25.22,22.01,22.01,2.0,2.0,13.95,12.75,12.46,17.19,13.84,8.02,51.78,51.78,51.78,51.78,14.94,14.24,14.24,14.24,52.75,20.26,51.78,52.75,23.39
050,5.96,7.78,13.26,8.35,7.05,8.35,6.49,7.66,7.18,6.69,7.02,10.31,9.16,11.1,15.42,24.09,16.04,14.42,14.27,26.13,10.1,11.97,8.89,12.11,15.4,13.92,6.43,3.12,6.47,9.41,7.78,4.92,6.77,6.77,9.59,9.28,12.97,8.53,14.94,12.84,7.02,15.76,3.79,5.21,4.16,14.21,9.04,7.05,9.26,19.93,6.22,13.66,9.13,44.71,6.69,6.77,9.91,4.3,13.52,11.53,10.31,10.31,21.16,11.14,10.31,10.31,20.7,9.74,15.18,18.43,44.71,15.94,44.71,15.92,12.65,15.36,15.65,13.52,13.52,19.93,19.93,2.0,4.98,10.25,7.09,4.01,13.52,44.71,44.71,44.71,44.71,7.27,9.74,9.74,9.74,45.68,10.31,44.71,45.68,27.02
052-2,3.44,9.1,14.58,9.43,8.12,9.43,7.57,8.74,8.25,8.01,8.33,11.63,10.48,12.42,16.74,25.41,17.35,15.73,15.59,27.44,11.41,13.29,9.96,10.31,16.71,15.23,4.61,4.44,5.42,10.72,7.0,6.07,7.92,7.92,7.34,7.04,14.7,9.6,16.26,14.16,4.77,13.95,4.86,2.81,5.23,15.52,10.36,8.12,7.99,18.12,7.3,11.86,10.44,46.32,8.01,7.92,7.67,5.45,14.84,12.85,11.63,11.63,22.36,12.45,11.63,11.63,18.89,11.06,16.5,19.5,46.32,17.26,46.32,17.24,13.97,16.67,16.97,14.84,14.84,18.12,18.12,3.99,2.0,8.0,8.4,3.49,11.71,46.32,46.32,46.32,46.32,6.75,8.69,8.69,8.69,47.29,11.63,46.32,47.29,28.63
207,6.67,12.17,17.94,12.46,11.15,12.46,10.6,11.76,11.28,11.37,11.56,14.99,13.84,15.78,20.1,28.77,20.72,19.1,18.95,30.81,14.78,16.65,12.99,9.88,20.08,18.6,6.22,7.8,7.19,13.8,10.24,9.3,11.15,11.15,5.16,4.85,12.18,12.63,19.62,17.52,5.42,13.53,8.19,5.77,8.26,18.89,13.43,11.15,11.22,17.7,10.33,11.43,13.52,50.86,11.37,11.15,5.48,8.68,18.2,16.21,14.99,14.99,25.39,15.82,14.99,14.99,18.47,14.4,19.86,22.53,50.86,20.62,50.86,20.61,17.34,20.04,20.33,18.2,18.2,17.7,17.7,7.5,6.0,2.0,11.77,6.16,11.29,50.86,50.86,50.86,50.86,9.17,8.12,8.12,8.12,51.83,14.99,50.86,51.83,33.17
073,10.82,6.21,10.41,7.84,5.59,7.84,6.45,7.62,7.13,4.27,5.44,5.91,6.22,8.16,12.57,21.24,13.18,11.56,11.42,23.27,7.24,9.12,8.85,16.97,12.54,11.06,12.83,7.94,12.87,7.83,7.98,7.94,9.77,9.77,15.99,15.68,10.34,8.48,11.58,9.48,13.42,20.62,8.83,11.82,9.39,11.35,7.21,5.59,7.8,24.78,12.49,18.52,7.55,46.62,4.27,9.77,16.31,8.87,10.67,8.17,5.91,5.91,18.31,8.28,5.91,5.91,25.2,7.28,12.33,18.19,46.62,13.09,46.62,12.56,9.8,12.5,12.29,10.67,10.67,24.78,24.78,9.63,11.6,16.65,2.0,10.41,18.38,46.62,46.62,46.62,46.62,13.67,16.14,16.14,16.14,47.59,5.91,46.62,47.59,28.93
053,5.8,8.3,13.78,8.6,7.3,8.6,6.74,7.91,7.43,7.21,7.54,10.83,9.68,11.62,15.94,24.62,16.56,14.94,14.79,26.65,10.62,12.49,9.14,11.95,15.92,14.44,4.42,3.65,4.46,9.93,8.73,5.55,7.4,7.4,7.58,7.27,13.92,8.77,15.46,13.36,5.01,15.6,4.03,4.46,4.41,14.73,9.56,7.3,10.2,19.76,6.47,13.5,9.65,45.08,7.21,7.4,7.9,4.93,14.05,12.05,10.83,10.83,21.53,11.66,10.83,10.83,20.54,10.26,15.7,18.68,45.08,16.47,45.08,16.45,13.18,15.88,16.18,14.05,14.05,19.76,19.76,3.34,4.23,8.24,7.61,2.0,13.36,45.08,45.08,45.08,45.08,5.26,7.73,7.73,7.73,46.05,10.83,45.08,46.05,27.39
153,7.04,13.61,19.09,14.19,12.88,14.19,12.33,13.49,13.01,12.52,12.85,15.99,14.99,16.93,21.26,29.93,21.87,20.25,20.11,31.96,15.93,17.8,14.72,3.06,21.23,19.75,10.11,8.96,9.35,15.24,10.88,9.95,11.8,11.8,7.99,7.79,8.57,14.36,20.23,18.13,8.17,4.24,9.62,8.25,9.99,20.04,14.87,12.88,11.04,11.03,12.06,5.14,14.96,53.46,12.52,11.8,8.21,9.33,19.36,16.82,15.99,15.99,26.99,16.97,15.99,15.99,9.18,15.57,21.01,24.26,53.46,21.78,53.46,21.22,18.49,21.19,20.95,19.36,19.36,11.03,11.03,9.68,8.48,8.19,12.92,9.57,2.0,53.46,53.46,53.46,53.46,10.67,9.97,9.97,9.97,54.43,15.99,53.46,54.43,24.51
#012,31.27,28.35,33.72,27.51,29.29,27.51,27.38,27.0,26.61,29.66,29.13,34.98,33.82,35.49,36.65,42.23,37.36,36.37,34.74,44.27,32.86,33.18,25.77,35.37,35.71,33.94,32.03,29.35,32.06,28.89,32.48,31.55,33.39,33.39,34.14,33.93,35.94,26.14,38.08,35.98,32.42,37.8,28.69,31.69,28.32,35.92,28.76,29.29,33.46,35.18,26.25,36.4,28.6,2.0,29.66,33.39,34.35,30.93,33.55,35.92,34.98,34.98,36.83,33.09,34.98,34.98,41.09,29.68,35.2,33.98,2.0,35.97,2.0,39.07,34.37,36.87,38.41,33.55,33.55,35.18,35.18,30.47,31.55,34.58,31.75,30.72,36.31,2.0,2.0,2.0,2.0,32.59,34.24,34.24,34.24,2.65,34.98,2.0,2.65,21.91
#022,31.27,28.35,33.72,27.51,29.29,27.51,27.38,27.0,26.61,29.66,29.13,34.98,33.82,35.49,36.65,42.23,37.36,36.37,34.74,44.27,32.86,33.18,25.77,35.37,35.71,33.94,32.03,29.35,32.06,28.89,32.48,31.55,33.39,33.39,34.14,33.93,35.94,26.14,38.08,35.98,32.42,37.8,28.69,31.69,28.32,35.92,28.76,29.29,33.46,35.18,26.25,36.4,28.6,2.0,29.66,33.39,34.35,30.93,33.55,35.92,34.98,34.98,36.83,33.09,34.98,34.98,41.09,29.68,35.2,33.98,2.0,35.97,2.0,39.07,34.37,36.87,38.41,33.55,33.55,35.18,35.18,30.47,31.55,34.58,31.75,30.72,36.31,2.0,2.0,2.0,2.0,32.59,34.24,34.24,34.24,2.65,34.98,2.0,2.65,21.91
#020,31.27,28.35,33.72,27.51,29.29,27.51,27.38,27.0,26.61,29.66,29.13,34.98,33.82,35.49,36.65,42.23,37.36,36.37,34.74,44.27,32.86,33.18,25.77,35.37,35.71,33.94,32.03,29.35,32.06,28.89,32.48,31.55,33.39,33.39,34.14,33.93,35.94,26.14,38.08,35.98,32.42,37.8,28.69,31.69,28.32,35.92,28.76,29.29,33.46,35.18,26.25,36.4,28.6,2.0,29.66,33.39,34.35,30.93,33.55,35.92,34.98,34.98,36.83,33.09,34.98,34.98,41.09,29.68,35.2,33.98,2.0,35.97,2.0,39.07,34.37,36.87,38.41,33.55,33.55,35.18,35.18,30.47,31.55,34.58,31.75,30.72,36.31,2.0,2.0,2.0,2.0,32.59,34.24,34.24,34.24,2.65,34.98,2.0,2.65,21.91
#021,31.27,28.35,33.72,27.51,29.29,27.51,27.38,27.0,26.61,29.66,29.13,34.98,33.82,35.49,36.65,42.23,37.36,36.37,34.74,44.27,32.86,33.18,25.77,35.37,35.71,33.94,32.03,29.35,32.06,28.89,32.48,31.55,33.39,33.39,34.14,33.93,35.94,26.14,38.08,35.98,32.42,37.8,28.69,31.69,28.32,35.92,28.76,29.29,33.46,35.18,26.25,36.4,28.6,2.0,29.66,33.39,34.35,30.93,33.55,35.92,34.98,34.98,36.83,33.09,34.98,34.98,41.09,29.68,35.2,33.98,2.0,35.97,2.0,39.07,34.37,36.87,38.41,33.55,33.55,35.18,35.18,30.47,31.55,34.58,31.75,30.72,36.31,2.0,2.0,2.0,2.0,32.59,34.24,34.24,34.24,2.65,34.98,2.0,2.65,21.91
140-1,5.84,10.19,15.95,10.47,9.16,10.47,8.61,9.78,9.29,9.38,9.58,13.01,11.85,13.8,18.12,26.79,18.73,17.11,16.97,28.82,12.79,14.66,11.0,13.6,18.09,16.61,3.12,5.82,5.4,11.81,8.65,7.72,9.57,9.57,8.51,8.21,12.12,10.64,17.63,15.53,5.95,17.25,6.21,4.94,6.27,16.9,11.44,9.16,9.64,21.41,8.34,15.15,11.53,47.88,9.38,9.57,8.84,7.1,16.22,14.22,13.01,13.01,23.4,13.83,13.01,13.01,22.19,12.41,17.87,20.54,47.88,18.64,47.88,18.62,15.35,18.05,18.35,16.22,16.22,21.41,21.41,5.51,5.17,6.78,9.78,4.17,15.01,47.88,47.88,47.88,47.88,2.0,8.67,8.67,8.67,48.85,13.01,47.88,48.85,30.19
140,7.13,11.83,17.6,12.12,10.81,12.12,10.26,11.43,10.94,11.03,11.22,14.65,13.5,15.44,19.76,28.43,20.38,18.76,18.61,30.47,14.44,16.31,12.65,12.54,19.74,18.26,5.88,7.47,4.29,13.46,10.3,9.37,11.22,11.22,7.46,7.15,13.77,12.29,19.28,17.18,6.25,16.19,7.85,6.23,7.92,18.55,13.09,10.81,11.29,20.36,9.99,14.09,13.18,50.36,11.03,11.22,7.78,8.75,17.87,15.87,14.65,14.65,25.05,15.48,14.65,14.65,21.13,14.06,19.52,22.19,50.36,20.29,50.36,20.27,17.0,19.7,19.99,17.87,17.87,20.36,20.36,7.16,6.46,6.08,11.43,5.82,13.95,50.36,50.36,50.36,50.36,6.44,2.0,2.0,2.0,51.32,14.65,50.36,51.32,32.66
140-2,7.13,11.83,17.6,12.12,10.81,12.12,10.26,11.43,10.94,11.03,11.22,14.65,13.5,15.44,19.76,28.43,20.38,18.76,18.61,30.47,14.44,16.31,12.65,12.54,19.74,18.26,5.88,7.47,4.29,13.46,10.3,9.37,11.22,11.22,7.46,7.15,13.77,12.29,19.28,17.18,6.25,16.19,7.85,6.23,7.92,18.55,13.09,10.81,11.29,20.36,9.99,14.09,13.18,50.36,11.03,11.22,7.78,8.75,17.87,15.87,14.65,14.65,25.05,15.48,14.65,14.65,21.13,14.06,19.52,22.19,50.36,20.29,50.36,20.27,17.0,19.7,19.99,17.87,17.87,20.36,20.36,7.16,6.46,6.08,11.43,5.82,13.95,50.36,50.36,50.36,50.36,6.44,2.0,2.0,2.0,51.32,14.65,50.36,51.32,32.66
221,7.13,11.83,17.6,12.12,10.81,12.12,10.26,11.43,10.94,11.03,11.22,14.65,13.5,15.44,19.76,28.43,20.38,18.76,18.61,30.47,14.44,16.31,12.65,12.54,19.74,18.26,5.88,7.47,4.29,13.46,10.3,9.37,11.22,11.22,7.46,7.15,13.77,12.29,19.28,17.18,4.83,16.19,7.85,6.23,7.92,18.55,13.09,10.81,11.29,20.36,9.99,14.09,13.18,50.36,11.03,11.22,7.78,8.75,17.87,15.87,14.65,14.65,25.05,15.48,14.65,14.65,21.13,14.06,19.52,22.19,50.36,20.29,50.36,20.27,17.0,19.7,19.99,17.87,17.87,20.36,20.36,7.16,6.46,6.08,11.43,5.82,13.95,50.36,50.36,50.36,50.36,6.44,2.0,2.0,2.0,51.32,14.65,50.36,51.32,32.66
*100,31.91,28.99,34.37,28.16,29.94,28.16,28.03,27.65,27.26,30.31,29.77,35.62,34.47,36.13,37.3,42.88,38.0,37.01,35.38,44.91,33.51,33.83,26.42,36.01,36.35,34.58,32.67,30.0,32.7,29.53,33.13,32.19,34.04,34.04,34.78,34.58,36.59,26.78,38.73,36.63,33.07,38.44,29.33,32.34,28.96,36.57,29.41,29.94,34.11,35.83,26.89,37.05,29.25,2.97,30.31,34.04,35.0,31.57,34.19,36.56,35.62,35.62,37.48,33.73,35.62,35.62,41.74,30.33,35.85,34.62,2.97,36.61,2.97,39.71,35.01,37.52,39.06,34.19,34.19,35.83,35.83,31.12,32.19,35.22,32.39,31.37,36.95,2.97,2.97,2.97,2.97,33.23,34.88,34.88,34.88,2.0,35.62,2.97,2.0,22.56
500-D,15.66,12.35,9.74,14.67,12.22,14.67,13.52,15.27,14.54,10.24,11.98,2.0,6.51,6.95,11.91,20.58,12.52,10.9,10.76,22.61,6.21,8.46,17.11,21.58,11.88,10.4,17.67,12.78,17.71,14.64,12.93,12.88,14.71,14.71,20.83,20.53,13.43,16.56,10.79,8.69,18.26,25.23,13.67,16.67,14.23,10.69,9.2,12.22,12.74,29.39,17.33,23.13,14.22,51.46,10.24,14.71,21.15,13.81,10.01,7.38,2.0,2.0,17.64,7.62,2.0,2.0,28.28,9.05,11.66,17.53,51.46,12.43,51.46,11.77,9.14,11.84,11.5,10.01,10.01,29.39,29.39,14.47,16.44,21.49,7.86,15.25,22.99,51.46,51.46,51.46,51.46,18.51,20.98,20.98,20.98,52.43,2.0,51.46,52.43,33.77
#013,31.27,28.35,33.72,27.51,29.29,27.51,27.38,27.0,26.61,29.66,29.13,34.98,33.82,35.49,36.65,42.23,37.36,36.37,34.74,44.27,32.86,33.18,25.77,35.37,35.71,33.94,32.03,29.35,32.06,28.89,32.48,31.55,33.39,33.39,34.14,33.93,35.94,26.14,38.08,35.98,32.42,37.8,28.69,31.69,28.32,35.92,28.76,29.29,33.46,35.18,26.25,36.4,28.6,2.0,29.66,33.39,34.35,30.93,33.55,35.92,34.98,34.98,36.83,33.09,34.98,34.98,41.09,29.68,35.2,33.98,2.0,35.97,2.0,39.07,34.37,36.87,38.41,33.55,33.55,35.18,35.18,30.47,31.55,34.58,31.75,30.72,36.31,2.0,2.0,2.0,2.0,32.59,34.24,34.24,34.24,2.65,34.98,2.0,2.65,21.91
*102,31.91,28.99,34.37,28.16,29.94,28.16,28.03,27.65,27.26,30.31,29.77,35.62,34.47,36.13,37.3,42.88,38.0,37.01,35.38,44.91,33.51,33.83,26.42,36.01,36.35,34.58,32.67,30.0,32.7,29.53,33.13,32.19,34.04,34.04,34.78,34.58,36.59,26.78,38.73,36.63,33.07,38.44,29.33,32.34,28.96,36.57,29.41,29.94,34.11,35.83,26.89,37.05,29.25,2.97,30.31,34.04,35.0,31.57,34.19,36.56,35.62,35.62,37.48,33.73,35.62,35.62,41.74,30.33,35.85,34.62,2.97,36.61,2.97,39.71,35.01,37.52,39.06,34.19,34.19,35.83,35.83,31.12,32.19,35.22,32.39,31.37,36.95,2.97,2.97,2.97,2.97,33.23,34.88,34.88,34.88,2.0,35.62,2.97,2.0,22.56
942,19.47,16.55,21.93,15.72,17.5,15.72,15.59,15.21,14.82,17.87,17.33,23.18,22.03,23.69,24.86,30.44,25.56,24.57,22.94,32.47,21.07,21.39,13.98,23.57,23.91,22.14,20.23,17.55,20.26,17.09,20.69,19.75,21.6,21.6,22.34,22.14,24.15,14.34,26.29,24.19,20.63,38.01,16.89,19.9,16.52,24.13,16.97,17.5,21.67,34.09,14.45,35.91,16.81,31.87,17.87,21.6,22.56,19.13,21.75,24.12,23.18,23.18,25.04,21.29,23.18,23.18,42.95,17.89,23.41,22.18,31.87,24.17,31.87,27.27,22.57,25.08,26.62,21.75,21.75,34.09,34.09,18.68,19.75,22.78,19.95,18.93,35.77,31.87,31.87,31.87,31.87,20.79,22.44,22.44,22.44,32.84,23.18,31.87,32.84,2.0
